TimeSeconds,parsedDate,dateTimeStr,ipLayerProtocol,ipLayerProtocolCode,firstSeenSrcIp,firstSeenDestIp,firstSeenSrcPort,firstSeenDestPort,moreFragments,contFragments,durationSeconds,firstSeenSrcPayloadBytes,firstSeenDestPayloadBytes,firstSeenSrcTotalBytes,firstSeenDestTotalBytes,firstSeenSrcPacketCount,firstSeenDestPacketCount,recordForceOut
1365905521.762639,2013-04-14 02:12:01,20130411003154.758,6,TCP,10.170.32.110,172.20.0.4,50371,80,0,0,0,188,49559,1384,51619,22,38,0
1365905522.156379,2013-04-14 02:12:02,20130411003155.16,6,TCP,10.77.101.2,172.30.0.4,59002,80,0,0,0,187,4480,519,4812,6,6,0
1365905522.527077,2013-04-14 02:12:02,20130411003155.53,6,TCP,10.88.52.24,172.10.0.3,58959,25,0,0,10,1299,576,1901,1124,11,10,0
1365905522.68727,2013-04-14 02:12:02,20130411003155.688,6,TCP,10.18.37.65,172.10.0.3,50342,25,0,0,10,1299,577,1901,1125,11,10,0
1365905523.7628293,2013-04-14 02:12:03,20130411003156.76,6,TCP,10.138.121.19,172.20.0.15,50375,80,0,0,0,188,49560,1384,51620,22,38,0
1365905524.531736,2013-04-14 02:12:04,20130411003157.53,6,TCP,10.13.77.4,172.20.0.3,58972,25,0,0,10,1299,576,1901,1124,11,10,0
1365905524.1691847,2013-04-14 02:12:04,20130411003157.168,6,TCP,10.77.101.2,172.30.0.4,59007,80,0,0,0,195,43145,1283,44989,20,34,0
1365905526.167613,2013-04-14 02:12:06,20130411003159.168,6,TCP,10.77.101.2,172.30.0.4,59010,80,0,0,0,197,5039,529,5371,6,6,0
1365905526.9898627,2013-04-14 02:12:06,20130411003159.99,17,UDP,172.10.0.40,172.255.255.255,137,137,0,0,0,100,0,184,0,2,0,0
1365905528.1990807,2013-04-14 02:12:08,20130411003201.2,6,TCP,10.77.101.2,172.30.0.4,59014,80,0,0,0,197,5052,529,5384,6,6,0
1365905530.209579,2013-04-14 02:12:10,20130411003203.207,6,TCP,10.77.101.2,172.30.0.4,59021,80,0,0,0,197,12073,691,12675,9,11,0
1365905531.383109,2013-04-14 02:12:11,20130411003204.383,6,TCP,10.0.3.77,172.30.0.4,59024,80,0,0,0,187,4480,519,4812,6,6,0
1365905532.214325,2013-04-14 02:12:12,20130411003205.21,6,TCP,10.77.101.2,172.30.0.4,59029,80,0,0,0,193,6130,579,6516,7,7,0
1365905533.384953,2013-04-14 02:12:13,20130411003206.387,6,TCP,10.0.3.77,172.30.0.4,59032,80,0,0,0,195,43145,1283,44989,20,34,0
1365905534.2131321,2013-04-14 02:12:14,20130411003207.21,6,TCP,10.77.101.2,172.30.0.4,59037,80,0,0,0,194,12113,688,12715,9,11,0
1365905535.3809679,2013-04-14 02:12:15,20130411003208.38,6,TCP,10.0.3.77,172.30.0.4,59040,80,0,0,0,197,5039,529,5371,6,6,0
1365905536.210459,2013-04-14 02:12:16,20130411003209.21,6,TCP,10.77.101.2,172.30.0.4,59046,80,0,0,0,193,6318,579,6704,7,7,0
1365905537.386075,2013-04-14 02:12:17,20130411003210.383,6,TCP,10.0.3.77,172.30.0.4,59049,80,0,0,0,197,5052,529,5384,6,6,0
1365905538.2106302,2013-04-14 02:12:18,20130411003211.207,6,TCP,10.77.101.2,172.30.0.4,59056,80,0,0,0,198,7132,584,7572,7,8,0
1365905539.2618847,2013-04-14 02:12:19,20130411003212.258,17,UDP,172.20.0.6,224.0.0.252,49152,5355,0,0,0,48,0,132,0,2,0,0
1365905539.419036,2013-04-14 02:12:19,20130411003212.414,6,TCP,10.0.3.77,172.30.0.4,59059,80,0,0,0,197,12073,745,12675,10,11,0
1365905539.618466,2013-04-14 02:12:19,20130411003212.613,6,TCP,10.0.125.6,172.10.0.3,59018,25,0,0,10,1299,576,1901,1124,11,10,0
1365905540.964983,2013-04-14 02:12:20,20130411003213.965,17,UDP,172.20.0.6,172.255.255.255,137,137,0,0,1,150,0,276,0,3,0,0
1365905541.428628,2013-04-14 02:12:21,20130411003214.43,6,TCP,10.0.3.77,172.30.0.4,59064,80,0,0,0,193,6130,579,6516,7,7,0
1365905543.566803,2013-04-14 02:12:23,20130411003216.57,17,UDP,172.20.0.7,224.0.0.252,56880,5355,0,0,0,48,0,132,0,2,0,0
1365905543.4490573,2013-04-14 02:12:23,20130411003216.45,6,TCP,10.0.3.77,172.30.0.4,59069,80,0,0,0,194,12113,742,12715,10,11,0
1365905544.59159,2013-04-14 02:12:24,20130411003217.594,6,TCP,10.58.99.97,172.30.0.7,50390,80,0,0,0,170,297,448,467,5,3,0
1365905545.269972,2013-04-14 02:12:25,20130411003218.27,17,UDP,172.20.0.7,172.255.255.255,137,137,0,0,1,150,0,276,0,3,0,0
1365905545.4609387,2013-04-14 02:12:25,20130411003218.46,6,TCP,10.0.3.77,172.30.0.4,59074,80,0,0,0,193,6318,579,6704,7,7,0
1365905547.169349,2013-04-14 02:12:27,20130411003220.168,17,UDP,172.20.0.5,224.0.0.252,53831,5355,0,0,0,48,0,132,0,2,0,0
1365905547.4409301,2013-04-14 02:12:27,20130411003220.44,17,UDP,172.20.0.8,224.0.0.252,52868,5355,0,0,0,48,0,132,0,2,0,0
1365905547.603388,2013-04-14 02:12:27,20130411003220.61,6,TCP,10.32.42.116,172.10.0.3,59052,25,0,0,10,1299,576,1901,1124,11,10,0
1365905547.4587927,2013-04-14 02:12:27,20130411003220.453,6,TCP,10.0.3.77,172.30.0.4,59079,80,0,0,0,198,7132,584,7572,7,8,0
1365905548.825334,2013-04-14 02:12:28,20130411003221.824,6,TCP,10.13.77.4,172.10.0.3,50378,25,0,0,10,1299,576,1901,1124,11,10,0
1365905548.872444,2013-04-14 02:12:28,20130411003221.87,17,UDP,172.20.0.5,172.255.255.255,137,137,0,0,1,150,0,276,0,3,0,0
1365905549.14375,2013-04-14 02:12:29,20130411003222.145,17,UDP,172.20.0.8,172.255.255.255,137,137,0,0,1,150,0,276,0,3,0,0
1365905551.557363,2013-04-14 02:12:31,20130411003224.56,6,TCP,10.27.200.49,172.20.0.3,50384,25,0,0,10,1299,577,1901,1125,11,10,0
1365905560.287935,2013-04-14 02:12:40,20130411003233.28,6,TCP,10.77.101.2,172.30.0.3,59083,25,0,0,10,1299,577,1901,1125,11,10,0
1365905560.288265,2013-04-14 02:12:40,20130411003233.28,6,TCP,10.18.37.65,172.30.0.3,59086,25,0,0,10,1299,577,1901,1125,11,10,0
1365905568.6209047,2013-04-14 02:12:48,20130411003241.62,6,TCP,10.58.99.97,172.10.0.3,50403,25,0,0,10,1299,577,1901,1125,11,10,0
1365905572.306427,2013-04-14 02:12:52,20130411003245.305,6,TCP,10.27.200.49,172.30.0.3,59106,25,0,0,10,1299,577,1901,1125,11,10,0
1365905577.806543,2013-04-14 02:12:57,20130411003250.81,1,OTHER,172.10.0.6,172.10.1.203,0,0,0,0,0,0,0,74,0,1,0,0
1365905577.807757,2013-04-14 02:12:57,20130411003250.81,1,OTHER,172.10.0.6,172.10.1.211,0,0,0,0,0,0,0,74,0,1,0,0
1365905577.780519,2013-04-14 02:12:57,20130411003250.777,1,OTHER,172.10.0.6,172.10.1.204,0,0,0,0,0,0,0,74,0,1,0,0
1365905577.7958627,2013-04-14 02:12:57,20130411003250.793,1,OTHER,172.10.0.6,172.10.1.207,0,0,0,0,0,0,0,74,0,1,0,0
1365905577.800286,2013-04-14 02:12:57,20130411003250.805,1,OTHER,172.10.0.6,172.10.1.206,0,0,0,0,0,0,0,74,0,1,0,0
1365905577.779394,2013-04-14 02:12:57,20130411003250.777,1,OTHER,172.10.0.6,172.10.1.201,0,0,0,0,0,0,0,74,0,1,0,0
1365905577.806169,2013-04-14 02:12:57,20130411003250.81,1,OTHER,172.10.0.6,172.10.1.209,0,0,0,0,0,0,0,74,0,1,0,0
1365905577.8058207,2013-04-14 02:12:57,20130411003250.805,1,OTHER,172.10.0.6,172.10.1.202,0,0,0,0,0,0,0,74,0,1,0,0
1365905577.804516,2013-04-14 02:12:57,20130411003250.805,1,OTHER,172.10.0.6,172.10.1.205,0,0,0,0,0,0,0,74,0,1,0,0
1365905577.8069026,2013-04-14 02:12:57,20130411003250.81,1,OTHER,172.10.0.6,172.10.1.210,0,0,0,0,0,0,0,74,0,1,0,0
1365905578.447017,2013-04-14 02:12:58,20130411003251.45,6,TCP,10.18.37.65,172.30.0.4,50415,80,0,0,0,187,4480,519,4812,6,6,0
1365905580.458837,2013-04-14 02:13:00,20130411003253.457,6,TCP,10.18.37.65,172.30.0.4,50418,80,0,0,0,195,43145,1283,44989,20,34,0
1365905582.475676,2013-04-14 02:13:02,20130411003255.477,6,TCP,10.18.37.65,172.30.0.4,50422,80,0,0,0,197,5039,529,5371,6,6,0
1365905584.486726,2013-04-14 02:13:04,20130411003257.49,6,TCP,10.18.37.65,172.30.0.4,50428,80,0,0,0,197,5052,529,5384,6,6,0
1365905584.55137,2013-04-14 02:13:04,20130411003257.55,6,TCP,10.149.59.54,172.30.0.3,59119,25,0,0,10,1299,576,1901,1124,11,10,0
1365905586.574054,2013-04-14 02:13:06,20130411003259.57,6,TCP,10.170.148.52,172.20.0.3,59122,25,0,0,10,1299,576,1901,1124,11,10,0
1365905586.4871259,2013-04-14 02:13:06,20130411003259.492,6,TCP,10.18.37.65,172.30.0.4,50435,80,0,0,0,197,12073,691,12675,9,11,0
1365905587.458236,2013-04-14 02:13:07,20130411003300.453,6,TCP,10.1.55.43,172.30.0.4,50442,80,0,0,0,177,4480,509,4812,6,6,0
1365905588.4867613,2013-04-14 02:13:08,20130411003301.49,6,TCP,10.18.37.65,172.30.0.4,50447,80,0,0,0,193,6130,579,6516,7,7,0
1365905589.4611373,2013-04-14 02:13:09,20130411003302.46,6,TCP,10.1.55.43,172.30.0.4,50454,80,0,0,0,195,43145,1283,44989,20,34,0
1365905590.289508,2013-04-14 02:13:10,20130411003303.29,6,TCP,10.83.101.25,172.20.0.3,59132,25,0,0,10,1299,577,1901,1125,11,10,0
1365905590.488346,2013-04-14 02:13:10,20130411003303.49,6,TCP,10.18.37.65,172.30.0.4,50460,80,0,0,0,194,12113,688,12715,9,11,0
1365905590.44767,2013-04-14 02:13:10,20130411003303.45,6,TCP,10.170.32.239,172.30.0.4,59160,80,0,0,0,189,3177,521,3455,6,5,0
1365905591.455985,2013-04-14 02:13:11,20130411003304.453,6,TCP,10.1.55.43,172.30.0.4,50466,80,0,0,0,197,5039,529,5371,6,6,0
1365905592.456499,2013-04-14 02:13:12,20130411003305.457,6,TCP,10.170.32.239,172.30.0.4,59165,80,0,0,0,195,43145,1283,44989,20,34,0
1365905592.485405,2013-04-14 02:13:12,20130411003305.484,6,TCP,10.18.37.65,172.30.0.4,50471,80,0,0,0,193,6318,579,6704,7,7,0
1365905593.8341599,2013-04-14 02:13:13,20130411003306.836,6,TCP,10.13.77.4,172.20.0.3,50425,25,0,0,10,1299,576,1901,1124,11,10,0
1365905593.454731,2013-04-14 02:13:13,20130411003306.453,6,TCP,10.1.55.43,172.30.0.4,50477,80,0,0,0,197,5052,529,5384,6,6,0
1365905594.4850993,2013-04-14 02:13:14,20130411003307.48,6,TCP,10.18.37.65,172.30.0.4,50482,80,0,0,0,198,7132,584,7572,7,8,0
1365905595.477922,2013-04-14 02:13:15,20130411003308.48,6,TCP,10.1.55.43,172.30.0.4,50485,80,0,0,0,197,12073,745,12675,10,11,0
1365905596.893022,2013-04-14 02:13:16,20130411003309.89,6,TCP,10.0.3.77,172.20.0.3,50438,25,0,0,10,1299,576,1901,1124,11,10,0
1365905597.4847653,2013-04-14 02:13:17,20130411003310.49,6,TCP,10.1.55.43,172.30.0.4,50492,80,0,0,0,193,6130,579,6516,7,7,0
1365905597.290087,2013-04-14 02:13:17,20130411003310.29,6,TCP,10.18.37.65,172.20.0.3,59152,25,0,0,10,1299,577,1901,1125,11,10,0
1365905599.647001,2013-04-14 02:13:19,20130411003312.645,6,TCP,10.83.101.25,172.30.0.3,50453,25,0,0,10,1299,577,1901,1125,11,10,0
1365905599.486819,2013-04-14 02:13:19,20130411003312.49,6,TCP,10.1.55.43,172.30.0.4,50500,80,0,0,0,194,12113,688,12715,9,11,0
1365905601.4844847,2013-04-14 02:13:21,20130411003314.484,6,TCP,10.1.55.43,172.30.0.4,50505,80,0,0,0,193,6318,579,6704,7,7,0
1365905603.483752,2013-04-14 02:13:23,20130411003316.484,6,TCP,10.1.55.43,172.30.0.4,50510,80,0,0,0,198,7132,584,7572,7,8,0
1365905608.885157,2013-04-14 02:13:28,20130411003321.887,6,TCP,10.89.101.53,172.10.0.3,50496,25,0,0,10,1299,576,1901,1124,11,10,0
1365905609.2120967,2013-04-14 02:13:29,20130411003322.207,17,UDP,172.20.0.15,224.0.0.252,64489,5355,0,0,0,48,0,132,0,2,0,0
1365905613.1648118,2013-04-14 02:13:33,20130411003326.16,17,UDP,172.20.0.15,172.255.255.255,137,137,0,0,3,300,0,552,0,6,0,0
1365905617.821685,2013-04-14 02:13:37,20130411003330.82,17,UDP,172.10.0.3,172.255.255.255,138,138,0,0,0,201,0,243,0,1,0,0
1365905620.6453333,2013-04-14 02:13:40,20130411003333.645,6,TCP,10.27.200.49,172.30.0.3,50517,25,0,0,10,1299,577,1901,1125,11,10,0
1365905621.568718,2013-04-14 02:13:41,20130411003334.566,6,TCP,10.38.37.13,172.20.0.3,59172,25,0,0,10,1299,576,1901,1124,11,10,0
1365905622.9216967,2013-04-14 02:13:42,20130411003335.92,17,UDP,172.10.0.50,172.255.255.255,137,137,0,0,0,50,0,92,0,1,0,0
1365905622.39082,2013-04-14 02:13:42,20130411003335.39,6,TCP,10.0.3.178,172.30.0.4,59195,80,0,0,0,187,4480,519,4812,6,6,0
1365905622.760493,2013-04-14 02:13:42,20130411003335.758,1,OTHER,172.10.0.6,172.10.2.109,0,0,0,0,0,0,0,74,0,1,0,0
1365905624.4277642,2013-04-14 02:13:44,20130411003337.426,6,TCP,10.0.3.178,172.30.0.4,59202,80,0,0,0,195,43145,1283,44989,20,34,0
1365905626.4333947,2013-04-14 02:13:46,20130411003339.44,6,TCP,10.0.3.178,172.30.0.4,59212,80,0,0,0,197,5039,529,5371,6,6,0
1365905628.44026,2013-04-14 02:13:48,20130411003341.44,6,TCP,10.0.3.178,172.30.0.4,59222,80,0,0,0,197,5052,529,5384,6,6,0
1365905628.237518,2013-04-14 02:13:48,20130411003341.242,6,TCP,10.43.51.79,172.30.0.3,59182,25,0,0,10,1299,577,1901,1125,11,10,0
1365905630.45073,2013-04-14 02:13:50,20130411003343.45,6,TCP,10.0.3.178,172.30.0.4,59232,80,0,0,0,197,12073,691,12675,9,11,0
1365905630.53385,2013-04-14 02:13:50,20130411003343.535,6,TCP,10.117.23.212,172.30.0.3,59190,25,0,0,10,1299,576,1901,1124,11,10,0
1365905632.448499,2013-04-14 02:13:52,20130411003345.445,6,TCP,10.0.3.178,172.30.0.4,59239,80,0,0,0,193,6130,579,6516,7,7,0
1365905634.4490561,2013-04-14 02:13:54,20130411003347.453,6,TCP,10.0.3.178,172.30.0.4,59246,80,0,0,0,194,12113,688,12715,9,11,0
1365905635.347832,2013-04-14 02:13:55,20130411003348.348,6,TCP,10.1.55.43,172.20.0.3,59209,25,0,0,10,1299,577,1901,1125,11,10,0
1365905636.449948,2013-04-14 02:13:56,20130411003349.445,6,TCP,10.0.3.178,172.30.0.4,59255,80,0,0,0,193,6318,579,6704,7,7,0
1365905636.116714,2013-04-14 02:13:56,20130411003349.12,17,UDP,172.0.0.1,255.255.255.255,123,123,1,1,1746,1344,0,2520,0,28,0,0
1365905638.4506247,2013-04-14 02:13:58,20130411003351.45,6,TCP,10.0.3.178,172.30.0.4,59261,80,0,0,0,198,7132,584,7572,7,8,0
1365905639.281671,2013-04-14 02:13:59,20130411003352.28,6,TCP,10.0.2.181,172.30.0.3,59226,25,0,0,10,1299,577,1901,1125,11,10,0
1365905640.703616,2013-04-14 02:14:00,20130411003353.703,6,TCP,10.175.195.108,172.30.0.7,50542,80,0,0,0,170,297,448,467,5,3,0
1365905645.3000627,2013-04-14 02:14:05,20130411003358.297,6,TCP,10.58.99.97,172.30.0.3,59250,25,0,0,10,1299,577,1901,1125,11,10,0
1365905645.583233,2013-04-14 02:14:05,20130411003358.586,6,TCP,10.83.101.25,172.10.0.3,50530,25,0,0,10,1299,577,1901,1125,11,10,0
1365905647.609017,2013-04-14 02:14:07,20130411003400.605,6,TCP,10.43.51.79,172.20.0.3,50533,25,0,0,10,1299,577,1901,1125,11,10,0
1365905650.8915093,2013-04-14 02:14:10,20130411003403.887,6,TCP,10.249.28.136,172.20.0.3,50544,25,0,0,10,1299,576,1901,1124,11,10,0
1365905652.1749153,2013-04-14 02:14:12,20130411003405.17,6,TCP,10.1.55.43,172.10.0.4,59277,80,0,0,0,177,7129,563,7569,7,8,0
1365905652.487188,2013-04-14 02:14:12,20130411003405.49,17,UDP,172.10.0.40,172.255.255.255,138,138,0,0,0,201,0,243,0,1,0,0
1365905654.2068481,2013-04-14 02:14:14,20130411003407.203,6,TCP,10.1.55.43,172.10.0.4,59282,80,0,0,0,192,25594,956,26736,14,21,0
1365905656.228085,2013-04-14 02:14:16,20130411003409.23,6,TCP,10.1.55.43,172.10.0.4,59287,80,0,0,0,191,109790,2629,114226,45,82,0
1365905658.248554,2013-04-14 02:14:18,20130411003411.246,6,TCP,10.1.55.43,172.10.0.4,59292,80,0,0,0,187,148291,3597,154293,63,111,0
1365905659.363333,2013-04-14 02:14:19,20130411003412.363,6,TCP,10.77.101.2,172.20.0.3,59271,25,0,0,11,1299,577,1901,1179,11,11,0
1365905660.1597047,2013-04-14 02:14:20,20130411003413.16,6,TCP,10.43.51.79,172.20.0.5,59294,80,0,0,0,170,340,448,510,5,3,0
1365905660.247042,2013-04-14 02:14:20,20130411003413.25,6,TCP,10.1.55.43,172.10.0.4,59296,80,0,0,0,188,49559,1384,51619,22,38,0
1365905662.246474,2013-04-14 02:14:22,20130411003415.246,6,TCP,10.1.55.43,172.10.0.4,59300,80,0,0,0,188,49559,1546,51619,25,38,0
1365905663.577218,2013-04-14 02:14:23,20130411003416.574,6,TCP,10.18.37.65,172.20.0.3,50566,25,0,0,10,1299,577,1901,1125,11,10,0
1365905664.246984,2013-04-14 02:14:24,20130411003417.246,6,TCP,10.1.55.43,172.10.0.4,59306,80,0,0,0,188,49559,1384,51619,22,38,0
1365905665.87484,2013-04-14 02:14:25,20130411003418.875,6,TCP,10.38.37.13,172.20.0.3,50572,25,0,0,10,1299,576,1901,1178,11,11,0
1365905666.250582,2013-04-14 02:14:26,20130411003419.246,6,TCP,10.1.55.43,172.10.0.4,59313,80,0,0,0,188,49559,1384,51619,22,38,0
1365905668.833542,2013-04-14 02:14:28,20130411003421.836,6,TCP,10.51.88.167,172.30.0.3,50580,25,0,0,10,1299,576,1901,1124,11,10,0
1365905673.516874,2013-04-14 02:14:33,20130411003426.523,6,TCP,10.13.77.4,172.30.0.3,59303,25,0,0,10,1299,576,1901,1124,11,10,0
1365905673.3690438,2013-04-14 02:14:33,20130411003426.367,17,UDP,172.10.0.50,172.255.255.255,138,138,0,0,0,201,0,243,0,1,0,0
1365905676.69341,2013-04-14 02:14:36,20130411003429.69,6,TCP,10.138.78.210,172.30.0.6,50608,80,0,0,0,170,297,448,467,5,3,0
1365905678.3770213,2013-04-14 02:14:38,20130411003431.375,6,TCP,10.0.2.181,172.10.0.3,59317,25,0,0,10,1299,577,1901,1179,11,11,0
1365905678.362361,2013-04-14 02:14:38,20130411003431.36,6,TCP,10.27.200.49,172.20.0.3,59320,25,0,0,10,1299,577,1901,1125,11,10,0
1365905680.642934,2013-04-14 02:14:40,20130411003433.637,6,TCP,10.77.24.4,172.30.0.3,50602,25,0,0,10,1299,577,1901,1125,11,10,0
1365905688.484768,2013-04-14 02:14:48,20130411003441.484,6,TCP,10.77.101.2,172.30.0.5,50621,80,0,0,0,170,297,448,467,5,3,0
1365905688.327127,2013-04-14 02:14:48,20130411003441.33,6,TCP,10.62.15.101,172.10.0.3,59344,25,0,0,10,1299,577,1901,1125,11,10,0
1365905691.380228,2013-04-14 02:14:51,20130411003444.38,17,UDP,172.20.0.3,172.255.255.255,138,138,0,0,0,201,0,243,0,1,0,0
1365905693.874809,2013-04-14 02:14:53,20130411003446.875,6,TCP,10.51.88.253,172.30.0.3,50615,25,0,0,10,1299,576,1901,1124,11,10,0
1365905701.327467,2013-04-14 02:15:01,20130411003454.332,6,TCP,10.62.15.101,172.20.0.3,59356,25,0,0,10,1299,577,1901,1125,11,10,0
1365905719.577943,2013-04-14 02:15:19,20130411003512.58,6,TCP,10.18.37.65,172.30.0.3,50632,25,0,0,10,1299,577,1901,1125,11,10,0
1365905719.625916,2013-04-14 02:15:19,20130411003512.625,6,TCP,10.27.200.49,172.10.0.3,50629,25,0,0,10,1299,577,1901,1125,11,10,0
1365905722.7486901,2013-04-14 02:15:22,20130411003515.746,6,TCP,10.12.237.111,172.30.0.3,50641,25,0,0,10,1299,576,1901,1124,11,10,0
1365905723.652842,2013-04-14 02:15:23,20130411003516.645,6,TCP,10.0.2.181,172.20.0.3,50644,25,0,0,10,1299,577,1901,1179,11,11,0
1365905725.839865,2013-04-14 02:15:25,20130411003518.844,6,TCP,10.57.105.44,172.20.0.3,50656,25,0,0,10,1299,576,1901,1124,11,10,0
1365905731.608248,2013-04-14 02:15:31,20130411003524.61,6,TCP,10.1.55.43,172.30.0.3,50681,25,0,0,10,1299,577,1901,1125,11,10,0
1365905733.6055133,2013-04-14 02:15:33,20130411003526.6,6,TCP,10.83.101.25,172.20.0.3,50691,25,0,0,10,1299,577,1901,1125,11,10,0
1365905735.811942,2013-04-14 02:15:35,20130411003528.805,6,TCP,10.88.25.4,172.10.0.3,50701,25,0,0,10,1299,576,1901,1124,11,10,0
1365905735.279052,2013-04-14 02:15:35,20130411003528.28,6,TCP,10.62.15.101,172.30.0.3,59368,25,0,0,10,1299,577,1901,1125,11,10,0
1365905740.823202,2013-04-14 02:15:40,20130411003533.824,6,TCP,10.38.37.229,172.20.0.3,50717,25,0,0,10,1299,576,1901,1124,11,10,0
1365905746.1315267,2013-04-14 02:15:46,20130411003539.13,6,TCP,10.0.2.181,172.10.0.4,59386,80,0,0,0,186,10887,626,11435,8,10,0
1365905748.142807,2013-04-14 02:15:48,20130411003541.14,6,TCP,10.0.2.181,172.10.0.4,59391,80,0,0,0,192,25594,956,26736,14,21,0
1365905752.2953293,2013-04-14 02:15:52,20130411003545.293,6,TCP,10.43.51.79,172.20.0.3,59380,25,0,0,10,1299,577,1901,1125,11,10,0
1365905760.6684759,2013-04-14 02:16:00,20130411003553.664,6,TCP,10.76.187.177,172.20.0.15,50740,80,0,0,0,190,7426,576,7866,7,8,0
1365905762.6787019,2013-04-14 02:16:02,20130411003555.68,6,TCP,10.78.100.150,172.20.0.4,50745,80,0,0,0,192,25594,956,26736,14,21,0
1365905769.636525,2013-04-14 02:16:09,20130411003602.64,6,TCP,10.1.55.43,172.10.0.3,50737,25,0,0,10,1299,577,1901,1125,11,10,0
1365905771.293759,2013-04-14 02:16:11,20130411003604.293,6,TCP,10.83.101.25,172.30.0.3,59398,25,0,0,10,1299,577,1901,1125,11,10,0
1365905776.274502,2013-04-14 02:16:16,20130411003609.277,6,TCP,10.1.55.43,172.10.0.3,59406,25,0,0,10,1299,577,1901,1125,11,10,0
1365905784.000349,2013-04-14 02:16:24,20130411003617.0,17,UDP,172.20.0.2,172.255.255.255,138,138,0,0,0,201,0,243,0,1,0,0
1365905786.592116,2013-04-14 02:16:26,20130411003619.59,6,TCP,10.77.24.4,172.10.0.3,50758,25,0,0,10,1299,577,1901,1125,11,10,0
1365905786.5919778,2013-04-14 02:16:26,20130411003619.59,6,TCP,10.62.15.101,172.10.0.3,50755,25,0,0,10,1299,577,1901,1125,11,10,0
1365905787.537398,2013-04-14 02:16:27,20130411003620.54,6,TCP,10.13.77.4,172.10.0.3,59422,25,0,0,10,1299,576,1901,1124,11,10,0
1365905791.475968,2013-04-14 02:16:31,20130411003624.477,6,TCP,10.33.0.15,172.10.0.3,59428,25,0,0,10,1299,576,1901,1124,11,10,0
1365905795.8098767,2013-04-14 02:16:35,20130411003628.805,6,TCP,10.36.156.99,172.30.0.3,50776,25,0,0,10,1299,576,1901,1124,11,10,0
1365905796.1482038,2013-04-14 02:16:36,20130411003629.15,6,TCP,10.77.24.4,172.20.0.15,59468,80,0,0,0,189,5469,521,5801,6,6,0
1365905797.273999,2013-04-14 02:16:37,20130411003630.273,6,TCP,10.1.55.43,172.30.0.3,59442,25,0,0,10,1299,577,1901,1125,11,10,0
1365905798.1848533,2013-04-14 02:16:38,20130411003631.18,6,TCP,10.77.24.4,172.20.0.4,59478,80,0,0,0,192,25594,956,26736,14,21,0
1365905799.1215394,2013-04-14 02:16:39,20130411003632.125,17,UDP,172.30.0.3,172.255.255.255,138,138,0,0,0,201,0,243,0,1,0,0
1365905799.396316,2013-04-14 02:16:39,20130411003632.4,6,TCP,10.78.90.30,172.10.0.4,59482,80,0,0,0,186,10887,680,11435,9,10,0
1365905799.241075,2013-04-14 02:16:39,20130411003632.24,6,TCP,10.43.51.79,172.10.0.3,59448,25,0,0,10,1299,577,1901,1125,11,10,0
1365905801.434575,2013-04-14 02:16:41,20130411003634.434,6,TCP,10.78.90.30,172.10.0.4,59488,80,0,0,0,192,25594,1064,26736,16,21,0
1365905804.458472,2013-04-14 02:16:44,20130411003637.457,6,TCP,10.76.187.88,172.10.0.7,59496,80,0,0,0,170,336,448,506,5,3,0
1365905804.850091,2013-04-14 02:16:44,20130411003637.848,6,TCP,10.170.148.64,172.20.0.3,50789,25,0,0,10,1299,576,1901,1124,11,10,0
1365905806.3489614,2013-04-14 02:16:46,20130411003639.35,6,TCP,10.83.101.25,172.10.0.3,59470,25,0,0,10,1299,577,1901,1125,11,10,0
1365905808.567835,2013-04-14 02:16:48,20130411003641.566,6,TCP,10.58.99.97,172.20.0.3,50796,25,0,0,10,1299,577,1901,1125,11,10,0
1365905812.68187,2013-04-14 02:16:52,20130411003645.684,17,UDP,172.10.0.40,172.255.255.255,137,137,0,0,1,150,0,276,0,3,0,0
1365905812.854229,2013-04-14 02:16:52,20130411003645.85,6,TCP,10.117.23.212,172.30.0.3,50807,25,0,0,10,1299,576,1901,1124,11,10,0
1365905812.475516,2013-04-14 02:16:52,20130411003645.477,6,TCP,10.27.59.101,172.10.0.3,59490,25,0,0,10,1299,576,1901,1124,11,10,0
1365905816.275403,2013-04-14 02:16:56,20130411003649.277,6,TCP,10.77.24.4,172.20.0.3,59501,25,0,0,10,1299,577,1901,1125,11,10,0
1365905825.540977,2013-04-14 02:17:05,20130411003658.543,6,TCP,10.58.99.97,172.30.0.3,50826,25,0,0,10,1299,577,1901,1125,11,10,0
1365905829.154572,2013-04-14 02:17:09,20130411003702.156,6,TCP,10.58.99.97,172.10.0.4,59525,80,0,0,0,177,7129,563,7569,7,8,0
1365905831.882968,2013-04-14 02:17:11,20130411003704.88,6,TCP,10.41.9.89,172.10.0.3,50835,25,0,0,10,1299,576,1901,1178,11,11,0
1365905831.1993947,2013-04-14 02:17:11,20130411003704.2,6,TCP,10.58.99.97,172.10.0.4,59531,80,0,0,0,192,25594,956,26736,14,21,0
1365905833.2054133,2013-04-14 02:17:13,20130411003706.203,6,TCP,10.58.99.97,172.10.0.4,59539,80,0,0,0,191,109790,2575,114226,44,82,0
1365905833.116252,2013-04-14 02:17:13,20130411003706.117,6,TCP,10.18.37.65,172.10.0.4,59536,80,0,0,0,177,7129,563,7569,7,8,0
1365905833.852756,2013-04-14 02:17:13,20130411003706.85,6,TCP,10.33.0.15,172.10.0.3,50840,25,0,0,10,1299,576,1901,1178,11,11,0
1365905834.804467,2013-04-14 02:17:14,20130411003707.805,17,UDP,172.20.0.5,172.0.0.1,123,123,0,0,0,48,48,90,90,1,1,0
1365905835.3316882,2013-04-14 02:17:15,20130411003708.33,6,TCP,10.18.37.65,172.10.0.3,59519,25,0,0,10,1299,577,1901,1125,11,10,0
1365905835.1221347,2013-04-14 02:17:15,20130411003708.12,6,TCP,10.18.37.65,172.10.0.4,59544,80,0,0,0,192,25594,1010,26736,15,21,0
1365905835.222457,2013-04-14 02:17:15,20130411003708.223,6,TCP,10.58.99.97,172.10.0.4,59547,80,0,0,0,187,148291,3327,154239,58,110,0
1365905837.235605,2013-04-14 02:17:17,20130411003710.234,6,TCP,10.58.99.97,172.10.0.4,59554,80,0,0,0,188,49559,1384,51619,22,38,0
1365905837.12861,2013-04-14 02:17:17,20130411003710.13,6,TCP,10.18.37.65,172.10.0.4,59551,80,0,0,0,191,109790,2629,114226,45,82,0
1365905839.2457273,2013-04-14 02:17:19,20130411003712.242,6,TCP,10.58.99.97,172.10.0.4,59564,80,0,0,0,188,49559,1384,51619,22,38,0
1365905839.166606,2013-04-14 02:17:19,20130411003712.168,6,TCP,10.18.37.65,172.10.0.4,59561,80,0,0,0,187,148291,3543,154239,62,110,0
1365905840.369653,2013-04-14 02:17:20,20130411003713.37,6,TCP,10.138.214.213,172.10.0.4,59567,80,0,0,0,189,5468,521,5800,6,6,0
1365905840.571108,2013-04-14 02:17:20,20130411003713.566,6,TCP,10.62.15.101,172.30.0.3,50859,25,0,0,10,1299,577,1901,1125,11,10,0
1365905841.2442727,2013-04-14 02:17:21,20130411003714.24,6,TCP,10.58.99.97,172.10.0.4,59575,80,0,0,0,188,49559,1384,51619,22,38,0
1365905841.1688347,2013-04-14 02:17:21,20130411003714.168,6,TCP,10.18.37.65,172.10.0.4,59572,80,0,0,0,188,49559,1384,51619,22,38,0
1365905842.37532,2013-04-14 02:17:22,20130411003715.375,6,TCP,10.138.214.213,172.10.0.4,59578,80,0,0,0,192,25594,1010,26736,15,21,0
1365905843.245837,2013-04-14 02:17:23,20130411003716.242,6,TCP,10.58.99.97,172.10.0.4,59585,80,0,0,0,188,49559,1438,51619,23,38,0
1365905843.1664233,2013-04-14 02:17:23,20130411003716.168,6,TCP,10.18.37.65,172.10.0.4,59582,80,0,0,0,188,49559,1384,51619,22,38,0
1365905845.171804,2013-04-14 02:17:25,20130411003718.168,6,TCP,10.18.37.65,172.10.0.4,59589,80,0,0,0,188,49559,1546,51619,25,38,0
1365905847.1820207,2013-04-14 02:17:27,20130411003720.188,6,TCP,10.18.37.65,172.10.0.4,59593,80,0,0,0,188,49559,1384,51619,22,38,0
1365905848.565138,2013-04-14 02:17:28,20130411003721.566,6,TCP,10.41.9.89,172.10.0.3,59558,25,0,0,10,1299,576,1901,1124,11,10,0
1365905849.8923821,2013-04-14 02:17:29,20130411003722.883,6,TCP,10.76.193.186,172.20.0.3,50873,25,0,0,10,1299,576,1901,1124,11,10,0
1365905849.599534,2013-04-14 02:17:29,20130411003722.594,17,UDP,172.10.0.2,172.255.255.255,138,138,0,0,0,201,0,243,0,1,0,0
1365905854.8253627,2013-04-14 02:17:34,20130411003727.824,17,UDP,172.30.0.2,172.255.255.255,138,138,0,0,0,201,0,243,0,1,0,0
1365905857.584352,2013-04-14 02:17:37,20130411003730.582,6,TCP,10.77.101.2,172.10.0.3,50884,25,0,0,10,1299,577,1901,1125,11,10,0
1365905858.391009,2013-04-14 02:17:38,20130411003731.39,6,TCP,10.247.106.27,172.20.0.4,59601,80,0,0,0,189,5468,521,5800,6,6,0
1365905860.612682,2013-04-14 02:17:40,20130411003733.605,6,TCP,10.77.101.2,172.20.0.3,50893,25,0,0,10,1299,577,1901,1125,11,10,0
1365905860.4080234,2013-04-14 02:17:40,20130411003733.406,6,TCP,10.76.193.22,172.20.0.15,59606,80,0,0,0,192,25596,956,26738,14,21,0
1365905861.8496387,2013-04-14 02:17:41,20130411003734.848,6,TCP,10.88.52.24,172.10.0.3,50897,25,0,0,10,1299,576,1901,1178,11,11,0
1365905866.56912,2013-04-14 02:17:46,20130411003739.57,6,TCP,10.76.187.68,172.20.0.3,59598,25,0,0,10,1299,576,1901,1124,11,10,0
1365905876.2342227,2013-04-14 02:17:56,20130411003749.234,6,TCP,10.77.24.4,172.10.0.3,59615,25,0,0,10,1299,577,1901,1125,11,10,0
1365905877.532238,2013-04-14 02:17:57,20130411003750.527,6,TCP,10.62.15.101,172.20.0.3,50923,25,0,0,10,1299,577,1901,1125,11,10,0
1365905878.648916,2013-04-14 02:17:58,20130411003751.65,6,TCP,10.2.6.49,172.20.0.4,50961,80,0,0,0,187,7129,573,7569,7,8,0
1365905878.631289,2013-04-14 02:17:58,20130411003751.633,6,TCP,10.77.101.2,172.30.0.3,50926,25,0,0,10,1299,577,1901,1125,11,10,0
1365905880.650558,2013-04-14 02:18:00,20130411003753.65,6,TCP,10.138.214.18,172.20.0.15,50972,80,0,0,0,192,25596,956,26738,14,21,0
1365905882.656045,2013-04-14 02:18:02,20130411003755.652,6,TCP,10.2.6.49,172.20.0.4,50983,80,0,0,0,191,109790,2575,114226,44,82,0
1365905883.766951,2013-04-14 02:18:03,20130411003756.77,6,TCP,10.170.148.52,172.20.0.3,50939,25,0,0,10,1299,576,1901,1124,11,10,0
1365905884.69306,2013-04-14 02:18:04,20130411003757.695,6,TCP,10.2.6.49,172.20.0.4,50992,80,0,0,0,187,148291,3597,154239,63,110,0
1365905885.522258,2013-04-14 02:18:05,20130411003758.52,6,TCP,10.43.51.79,172.30.0.3,50946,25,0,0,10,1299,577,1901,1125,11,10,0
1365905886.703531,2013-04-14 02:18:06,20130411003759.707,6,TCP,10.138.214.18,172.20.0.15,51000,80,0,0,0,188,49560,1384,51620,22,38,0
1365905888.711755,2013-04-14 02:18:08,20130411003801.715,6,TCP,10.2.6.49,172.20.0.4,51006,80,0,0,0,188,49559,1384,51619,22,38,0
1365905889.892859,2013-04-14 02:18:09,20130411003802.887,6,TCP,10.76.187.68,172.20.0.3,50966,25,0,0,10,1299,576,1901,1124,11,10,0
1365905890.5669034,2013-04-14 02:18:10,20130411003803.57,6,TCP,10.51.88.253,172.30.0.3,59627,25,0,0,10,1299,576,1901,1124,11,10,0
1365905890.712847,2013-04-14 02:18:10,20130411003803.71,6,TCP,10.2.6.49,172.20.0.4,51011,80,0,0,0,188,49559,1384,51619,22,38,0
1365905891.847811,2013-04-14 02:18:11,20130411003804.848,6,TCP,10.32.42.116,172.10.0.3,50975,25,0,0,10,1299,576,1901,1124,11,10,0
1365905892.7121599,2013-04-14 02:18:12,20130411003805.71,6,TCP,10.138.214.18,172.20.0.15,51015,80,0,0,0,188,49560,1384,51620,22,38,0
1365905893.521376,2013-04-14 02:18:13,20130411003806.52,6,TCP,10.36.156.99,172.30.0.3,59633,25,0,0,10,1299,576,1901,1124,11,10,0
1365905904.667054,2013-04-14 02:18:24,20130411003817.664,6,TCP,10.0.3.77,172.30.0.4,51018,80,0,0,0,187,4480,519,4812,6,6,0
1365905905.4305294,2013-04-14 02:18:25,20130411003818.434,6,TCP,10.76.187.67,172.30.0.4,59665,80,0,0,0,187,4480,519,4812,6,6,0
1365905906.6928773,2013-04-14 02:18:26,20130411003819.688,6,TCP,10.0.3.77,172.30.0.4,51021,80,0,0,0,195,43145,1445,44989,23,34,0
1365905907.446682,2013-04-14 02:18:27,20130411003820.445,6,TCP,10.76.187.67,172.30.0.4,59671,80,0,0,0,195,43145,1283,44989,20,34,0
1365905908.693375,2013-04-14 02:18:28,20130411003821.695,6,TCP,10.0.3.77,172.30.0.4,51024,80,0,0,0,197,5039,529,5371,6,6,0
1365905909.456196,2013-04-14 02:18:29,20130411003822.457,6,TCP,10.76.187.67,172.30.0.4,59677,80,0,0,0,197,5039,529,5371,6,6,0
1365905910.696752,2013-04-14 02:18:30,20130411003823.69,6,TCP,10.0.3.77,172.30.0.4,51028,80,0,0,0,197,5052,529,5384,6,6,0
1365905910.9733882,2013-04-14 02:18:30,20130411003823.973,6,TCP,10.77.24.4,172.30.0.3,59651,25,0,0,11,1299,577,1901,1125,11,10,0
1365905911.456007,2013-04-14 02:18:31,20130411003824.453,6,TCP,10.76.187.67,172.30.0.4,59684,80,0,0,0,197,5052,529,5384,6,6,0
1365905911.519583,2013-04-14 02:18:31,20130411003824.52,6,TCP,10.249.28.136,172.20.0.3,59655,25,0,0,10,1299,576,1901,1124,11,10,0
1365905912.7011788,2013-04-14 02:18:32,20130411003825.703,6,TCP,10.0.3.77,172.30.0.4,51034,80,0,0,0,197,12073,691,12675,9,11,0
1365905913.459292,2013-04-14 02:18:33,20130411003826.457,6,TCP,10.76.187.67,172.30.0.4,59688,80,0,0,0,197,12073,691,12675,9,11,0
1365905914.7080626,2013-04-14 02:18:34,20130411003827.707,6,TCP,10.0.3.77,172.30.0.4,51038,80,0,0,0,193,6130,579,6516,7,7,0
1365905915.457799,2013-04-14 02:18:35,20130411003828.453,6,TCP,10.76.187.67,172.30.0.4,59694,80,0,0,0,193,6130,579,6516,7,7,0
1365905916.7126453,2013-04-14 02:18:36,20130411003829.71,6,TCP,10.0.3.77,172.30.0.4,51042,80,0,0,0,194,12113,688,12715,9,11,0
1365905917.45511,2013-04-14 02:18:37,20130411003830.453,6,TCP,10.76.187.67,172.30.0.4,59699,80,0,0,0,194,12113,688,12715,9,11,0
1365905918.72487,2013-04-14 02:18:38,20130411003831.727,6,TCP,10.0.3.77,172.30.0.4,51047,80,0,0,0,193,6318,579,6704,7,7,0
1365905919.453727,2013-04-14 02:18:39,20130411003832.453,6,TCP,10.76.187.67,172.30.0.4,59704,80,0,0,0,193,6318,579,6704,7,7,0
1365905920.7247293,2013-04-14 02:18:40,20130411003833.727,6,TCP,10.0.3.77,172.30.0.4,51053,80,0,0,0,198,7132,584,7572,7,8,0
1365905921.454495,2013-04-14 02:18:41,20130411003834.453,6,TCP,10.76.187.67,172.30.0.4,59710,80,0,0,0,198,7132,584,7572,7,8,0
1365905922.798706,2013-04-14 02:18:42,20130411003835.8,6,TCP,10.0.125.6,172.10.0.3,51031,25,0,0,10,1299,576,1901,1124,11,10,0
1365905924.536892,2013-04-14 02:18:44,20130411003837.54,6,TCP,10.170.148.64,172.20.0.3,59691,25,0,0,10,1299,576,1901,1124,11,10,0
1365905925.64932,2013-04-14 02:18:45,20130411003838.65,6,TCP,172.20.1.23,10.0.3.77,18347,22,0,0,11,888,1320,1760,2138,16,15,0
1365905925.5241847,2013-04-14 02:18:45,20130411003838.523,6,TCP,172.10.2.106,10.0.3.77,18345,22,0,0,10,888,1320,1706,2138,15,15,0
1365905925.6496253,2013-04-14 02:18:45,20130411003838.65,6,TCP,172.10.2.135,10.0.3.77,18346,22,0,0,11,888,1320,1706,2138,15,15,0
1365905925.65027,2013-04-14 02:18:45,20130411003838.65,6,TCP,172.10.2.66,10.0.3.77,18349,22,0,0,11,888,1320,1706,2138,15,15,0
1365905925.6504693,2013-04-14 02:18:45,20130411003838.65,6,TCP,172.20.1.47,10.0.3.77,18348,22,0,0,11,888,1320,1706,2138,15,15,0
1365905925.7740593,2013-04-14 02:18:45,20130411003838.77,6,TCP,172.20.1.81,10.0.3.77,18350,22,0,0,11,888,1320,1706,2084,15,14,0
1365905926.1493187,2013-04-14 02:18:46,20130411003839.152,6,TCP,172.30.1.223,10.0.3.77,18352,22,0,0,11,888,1320,1760,2138,16,15,0
1365905926.1494687,2013-04-14 02:18:46,20130411003839.152,6,TCP,172.30.1.218,10.0.3.77,18351,22,0,0,11,888,1320,1760,2138,16,15,0
1365905931.875217,2013-04-14 02:18:51,20130411003844.875,6,TCP,10.0.3.77,172.10.0.3,51056,25,0,0,10,1299,576,1901,1178,11,11,0
1365905932.519468,2013-04-14 02:18:52,20130411003845.516,6,TCP,10.12.237.111,172.30.0.3,59712,25,0,0,10,1299,576,1901,1124,11,10,0
1365905932.624749,2013-04-14 02:18:52,20130411003845.63,1,OTHER,172.10.0.6,172.10.1.12,0,0,0,0,0,0,0,74,0,1,0,0
1365905935.216445,2013-04-14 02:18:55,20130411003848.22,17,UDP,172.20.0.2,172.255.255.255,137,137,0,0,0,50,0,92,0,1,0,0
1365905936.819597,2013-04-14 02:18:56,20130411003849.816,6,TCP,10.179.19.15,172.30.0.3,51065,25,0,0,10,1299,576,1901,1124,11,10,0
1365905938.533102,2013-04-14 02:18:58,20130411003851.53,6,TCP,10.76.193.186,172.20.0.3,59722,25,0,0,10,1299,576,1901,1124,11,10,0
1365905941.8463347,2013-04-14 02:19:01,20130411003854.848,6,TCP,10.13.77.4,172.30.0.3,51077,25,0,0,10,1299,576,1901,1124,11,10,0
1365905942.1037633,2013-04-14 02:19:02,20130411003855.1,17,UDP,172.20.0.4,172.255.255.255,138,138,0,0,6,540,0,624,0,2,0,0
1365905942.103394,2013-04-14 02:19:02,20130411003855.1,17,UDP,172.20.0.4,172.255.255.255,137,137,0,0,6,100,0,184,0,2,0,0
1365905943.527034,2013-04-14 02:19:03,20130411003856.527,6,TCP,10.88.25.4,172.10.0.3,59736,25,0,0,10,1299,576,1901,1124,11,10,0
1365905943.565681,2013-04-14 02:19:03,20130411003856.562,6,TCP,10.51.88.167,172.30.0.3,59737,25,0,0,10,1299,576,1901,1124,11,10,0
1365905944.8584733,2013-04-14 02:19:04,20130411003857.855,17,UDP,172.10.0.6,172.255.255.255,138,138,0,0,0,201,0,243,0,1,0,0
1365905948.6372633,2013-04-14 02:19:08,20130411003901.64,6,TCP,10.13.77.4,172.10.0.4,51093,80,0,0,0,187,7985,573,8425,7,8,0
1365905950.6462133,2013-04-14 02:19:10,20130411003903.65,6,TCP,10.13.77.4,172.10.0.4,51096,80,0,0,0,192,25594,956,26736,14,21,0
1365905952.647506,2013-04-14 02:19:12,20130411003905.65,6,TCP,10.13.77.4,172.10.0.4,51099,80,0,0,0,188,49559,1384,51619,22,38,0
1365905954.677072,2013-04-14 02:19:14,20130411003907.684,6,TCP,10.13.77.4,172.10.0.4,51102,80,0,0,0,188,49559,1492,51619,24,38,0
1365905956.690204,2013-04-14 02:19:16,20130411003909.69,6,TCP,10.13.77.4,172.10.0.4,51105,80,0,0,0,188,49559,1384,51619,22,38,0
1365905958.689434,2013-04-14 02:19:18,20130411003911.684,6,TCP,10.13.77.4,172.10.0.4,51108,80,0,0,0,188,49559,1384,51619,22,38,0
1365905960.6912801,2013-04-14 02:19:20,20130411003913.69,6,TCP,10.13.77.4,172.10.0.4,51111,80,0,0,0,188,49559,1384,51619,22,38,0
1365905962.6891642,2013-04-14 02:19:22,20130411003915.688,6,TCP,10.13.77.4,172.10.0.4,51114,80,0,0,0,188,49559,1384,51619,22,38,0
1365905964.68887,2013-04-14 02:19:24,20130411003917.69,6,TCP,10.13.77.4,172.10.0.4,51117,80,0,0,0,188,49559,1384,51619,22,38,0
1365905966.693124,2013-04-14 02:19:26,20130411003919.69,6,TCP,10.13.77.4,172.10.0.4,51121,80,0,0,0,188,49559,1384,51619,22,38,0
1365905966.347698,2013-04-14 02:19:26,20130411003919.348,17,UDP,172.10.0.50,172.255.255.255,138,138,0,0,0,201,0,243,0,1,0,0
1365905968.705175,2013-04-14 02:19:28,20130411003921.703,6,TCP,10.13.77.4,172.10.0.4,51127,80,0,0,0,188,49559,1384,51619,22,38,0
1365905969.80723,2013-04-14 02:19:29,20130411003922.81,17,UDP,172.10.0.40,172.255.255.255,137,137,0,0,61,250,0,460,0,5,0,0
1365905969.4642382,2013-04-14 02:19:29,20130411003922.465,17,UDP,172.10.0.3,172.255.255.255,138,138,0,0,0,201,0,243,0,1,0,0
1365905970.70495,2013-04-14 02:19:30,20130411003923.707,6,TCP,10.13.77.4,172.10.0.4,51134,80,0,0,0,188,49559,1384,51619,22,38,0
1365905971.403786,2013-04-14 02:19:31,20130411003924.402,6,TCP,10.77.24.4,172.30.0.4,51137,80,0,0,0,187,4480,519,4812,6,6,0
1365905971.212357,2013-04-14 02:19:31,20130411003924.21,6,TCP,10.58.99.97,172.20.0.3,59762,25,0,0,10,1299,577,1901,1125,11,10,0
1365905972.704032,2013-04-14 02:19:32,20130411003925.707,6,TCP,10.13.77.4,172.10.0.4,51146,80,0,0,0,188,49559,1384,51619,22,38,0
1365905973.406743,2013-04-14 02:19:33,20130411003926.406,6,TCP,10.77.24.4,172.30.0.4,51148,80,0,0,0,195,43145,1283,44989,20,34,0
1365905975.402693,2013-04-14 02:19:35,20130411003928.4,6,TCP,10.77.24.4,172.30.0.4,51159,80,0,0,0,197,5039,529,5371,6,6,0
1365905977.402281,2013-04-14 02:19:37,20130411003930.4,6,TCP,10.77.24.4,172.30.0.4,51171,80,0,0,0,197,5052,529,5384,6,6,0
1365905977.767193,2013-04-14 02:19:37,20130411003930.77,6,TCP,10.138.78.75,172.30.0.3,51124,25,0,0,10,1299,576,1901,1124,11,10,0
1365905979.428115,2013-04-14 02:19:39,20130411003932.43,6,TCP,10.77.24.4,172.30.0.4,51180,80,0,0,0,197,12073,745,12675,10,11,0
1365905980.244799,2013-04-14 02:19:40,20130411003933.246,6,TCP,10.58.99.97,172.10.0.3,59773,25,0,0,10,1299,577,1901,1125,11,10,0
1365905981.4381359,2013-04-14 02:19:41,20130411003934.438,6,TCP,10.77.24.4,172.30.0.4,51188,80,0,0,0,193,6130,579,6516,7,7,0
1365905982.797013,2013-04-14 02:19:42,20130411003935.8,6,TCP,10.149.59.54,172.30.0.3,51143,25,0,0,10,1299,576,1901,1124,11,10,0
1365905983.4426038,2013-04-14 02:19:43,20130411003936.44,6,TCP,10.77.24.4,172.30.0.4,51195,80,0,0,0,194,12113,742,12715,10,11,0
1365905984.637744,2013-04-14 02:19:44,20130411003937.637,6,TCP,10.43.51.79,172.10.0.3,51154,25,0,0,10,1299,577,1901,1125,11,10,0
1365905985.448734,2013-04-14 02:19:45,20130411003938.45,6,TCP,10.77.24.4,172.30.0.4,51201,80,0,0,0,193,6318,579,6704,7,7,0
1365905985.840452,2013-04-14 02:19:45,20130411003938.84,6,TCP,10.27.59.101,172.10.0.3,51162,25,0,0,10,1299,576,1901,1124,11,10,0
1365905987.44854,2013-04-14 02:19:47,20130411003940.453,6,TCP,10.77.24.4,172.30.0.4,51206,80,0,0,0,198,7132,584,7572,7,8,0
1365905987.3587127,2013-04-14 02:19:47,20130411003940.355,17,UDP,172.20.0.2,172.255.255.255,137,137,0,0,0,50,0,92,0,1,0,0
1365905988.483742,2013-04-14 02:19:48,20130411003941.48,6,TCP,10.0.3.77,172.30.0.3,59784,25,0,0,10,1299,576,1901,1124,11,10,0
1365905994.245306,2013-04-14 02:19:54,20130411003947.246,17,UDP,172.20.0.4,172.255.255.255,138,138,0,0,6,540,0,624,0,2,0,0
1365905994.24487,2013-04-14 02:19:54,20130411003947.246,17,UDP,172.20.0.4,172.255.255.255,137,137,0,0,6,100,0,184,0,2,0,0
1365905999.620168,2013-04-14 02:19:59,20130411003952.62,6,TCP,10.0.2.181,172.10.0.3,51211,25,0,0,10,1299,577,1901,1125,11,10,0
1365905999.510772,2013-04-14 02:19:59,20130411003952.51,6,TCP,10.77.24.4,172.20.0.3,51208,25,0,0,10,1299,577,1901,1125,11,10,0
1365906000.4746027,2013-04-14 02:20:00,20130411003953.477,6,TCP,10.89.101.53,172.10.0.3,59798,25,0,0,10,1299,576,1901,1124,11,10,0
1365906004.511843,2013-04-14 02:20:04,20130411003957.51,6,TCP,10.57.105.44,172.20.0.3,59804,25,0,0,10,1299,576,1901,1124,11,10,0
1365906007.6024153,2013-04-14 02:20:07,20130411004000.6,6,TCP,10.1.55.43,172.20.0.3,51227,25,0,0,10,1299,577,1901,1125,11,10,0
1365906007.515604,2013-04-14 02:20:07,20130411004000.516,6,TCP,10.138.78.75,172.30.0.3,59815,25,0,0,10,1299,576,1901,1124,11,10,0
1365906009.697432,2013-04-14 02:20:09,20130411004002.695,6,TCP,10.32.42.116,172.10.0.3,59821,25,0,0,10,1299,576,1901,1178,11,11,0
1365906016.287675,2013-04-14 02:20:16,20130411004009.285,6,TCP,10.77.101.2,172.10.0.3,59843,25,0,0,10,1299,577,1901,1125,11,10,0
1365906018.4738626,2013-04-14 02:20:18,20130411004011.477,6,TCP,10.0.3.77,172.10.0.3,59851,25,0,0,10,1299,576,1901,1124,11,10,0
1365906023.542546,2013-04-14 02:20:23,20130411004016.54,6,TCP,10.38.37.229,172.20.0.3,59867,25,0,0,10,1299,576,1901,1124,11,10,0
1365906023.5424607,2013-04-14 02:20:23,20130411004016.54,6,TCP,10.13.77.4,172.20.0.3,59866,25,0,0,10,1299,576,1901,1124,11,10,0
1365906030.2631047,2013-04-14 02:20:30,20130411004023.266,6,TCP,10.18.37.65,172.30.0.3,59890,25,0,0,10,1299,577,1901,1125,11,10,0
1365906032.8288033,2013-04-14 02:20:32,20130411004025.83,6,TCP,10.0.3.77,172.30.0.3,51243,25,0,0,10,1299,576,1901,1124,11,10,0
1365906034.7909641,2013-04-14 02:20:34,20130411004027.79,17,UDP,172.10.0.40,172.255.255.255,138,138,0,0,73,415,0,499,0,2,0,0
1365906037.5048833,2013-04-14 02:20:37,20130411004030.504,6,TCP,10.88.52.24,172.10.0.3,59904,25,0,0,10,1299,576,1901,1124,11,10,0
1365906041.527272,2013-04-14 02:20:41,20130411004034.53,6,TCP,10.179.19.15,172.30.0.3,59913,25,0,0,10,1299,576,1901,1124,11,10,0
1365906042.355155,2013-04-14 02:20:42,20130411004035.355,6,TCP,10.0.2.181,172.20.0.3,59918,25,0,0,10,1299,577,1901,1179,11,11,0
1365906049.6007712,2013-04-14 02:20:49,20130411004042.6,6,TCP,10.27.200.49,172.20.0.3,51255,25,0,0,10,1299,577,1901,1125,11,10,0
1365906050.4960227,2013-04-14 02:20:50,20130411004043.496,6,TCP,10.149.59.54,172.30.0.3,59939,25,0,0,10,1299,576,1901,1124,11,10,0
1365906051.5720973,2013-04-14 02:20:51,20130411004044.57,6,TCP,10.18.37.65,172.10.0.3,51260,25,0,0,10,1299,577,1901,1125,11,10,0
1365906055.4789007,2013-04-14 02:20:55,20130411004048.484,6,TCP,10.0.3.77,172.20.0.3,59950,25,0,0,10,1299,576,1901,1124,11,10,0
1365906058.5313053,2013-04-14 02:20:58,20130411004051.53,6,TCP,10.0.2.181,172.30.0.3,51276,25,0,0,10,1299,577,1901,1125,11,10,0
1365906061.630967,2013-04-14 02:21:01,20130411004054.63,6,TCP,10.58.99.97,172.10.0.3,51285,25,0,0,10,1299,577,1901,1125,11,10,0
1365906061.322535,2013-04-14 02:21:01,20130411004054.32,6,TCP,10.27.200.49,172.30.0.3,59962,25,0,0,10,1299,577,1901,1125,11,10,0
1365906063.2871802,2013-04-14 02:21:03,20130411004056.29,17,UDP,172.20.0.2,172.0.0.1,123,123,0,0,0,48,48,90,90,1,1,0
1365906066.6462793,2013-04-14 02:21:06,20130411004059.65,6,TCP,10.76.187.67,172.30.0.4,51303,80,0,0,0,187,4480,519,4812,6,6,0
1365906068.648272,2013-04-14 02:21:08,20130411004101.65,6,TCP,10.76.187.67,172.30.0.4,51306,80,0,0,0,195,43145,1283,44989,20,34,0
1365906070.645418,2013-04-14 02:21:10,20130411004103.64,6,TCP,10.76.187.67,172.30.0.4,51309,80,0,0,0,197,5039,529,5371,6,6,0
1365906070.830346,2013-04-14 02:21:10,20130411004103.836,17,UDP,172.20.0.4,172.0.0.1,123,123,0,0,0,48,48,90,90,1,1,0
1365906071.7235227,2013-04-14 02:21:11,20130411004104.723,1,OTHER,172.10.0.6,172.10.2.109,0,0,0,0,0,0,0,74,0,1,0,0
1365906072.6657207,2013-04-14 02:21:12,20130411004105.664,6,TCP,10.76.187.67,172.30.0.4,51312,80,0,0,0,197,5052,529,5384,6,6,0
1365906074.676982,2013-04-14 02:21:14,20130411004107.676,6,TCP,10.76.187.67,172.30.0.4,51315,80,0,0,0,197,12073,691,12675,9,11,0
1365906076.6768813,2013-04-14 02:21:16,20130411004109.68,6,TCP,10.76.187.67,172.30.0.4,51318,80,0,0,0,193,6130,579,6516,7,7,0
1365906078.67644,2013-04-14 02:21:18,20130411004111.68,6,TCP,10.76.187.67,172.30.0.4,51321,80,0,0,0,194,12113,688,12715,9,11,0
1365906080.675452,2013-04-14 02:21:20,20130411004113.676,6,TCP,10.76.187.67,172.30.0.4,51324,80,0,0,0,193,6318,579,6704,7,7,0
1365906082.6750839,2013-04-14 02:21:22,20130411004115.676,6,TCP,10.76.187.67,172.30.0.4,51328,80,0,0,0,198,7132,584,7572,7,8,0
1365906085.990991,2013-04-14 02:21:25,20130411004118.992,17,UDP,172.20.0.3,172.255.255.255,138,138,0,0,0,201,0,243,0,1,0,0
1365906093.86484,2013-04-14 02:21:33,20130411004126.863,6,TCP,10.0.3.77,172.20.0.3,51330,25,0,0,10,1299,576,1901,1178,11,11,0
1365906093.2110367,2013-04-14 02:21:33,20130411004126.207,6,TCP,10.62.15.101,172.30.0.7,59994,80,0,0,0,170,297,448,467,5,3,0
1365906093.131868,2013-04-14 02:21:33,20130411004126.133,6,TCP,10.83.101.25,172.10.0.4,59997,80,0,0,0,189,5468,521,5800,6,6,0
1365906094.23577,2013-04-14 02:21:34,20130411004127.234,6,TCP,10.27.200.49,172.10.0.3,59978,25,0,0,10,1299,577,1901,1125,11,10,0
1365906095.1564033,2013-04-14 02:21:35,20130411004128.156,6,TCP,10.83.101.25,172.10.0.4,60009,80,0,0,0,192,25594,956,26736,14,21,0
1365906101.500712,2013-04-14 02:21:41,20130411004134.5,6,TCP,10.0.2.181,172.10.0.8,51340,80,0,0,0,170,336,448,506,5,3,0
1365906102.4920518,2013-04-14 02:21:42,20130411004135.49,6,TCP,10.170.148.52,172.20.0.3,59991,25,0,0,10,1299,576,1901,1124,11,10,0
1365906103.257406,2013-04-14 02:21:43,20130411004136.258,6,TCP,10.83.101.25,172.20.0.3,59998,25,0,0,10,1299,577,1901,1125,11,10,0
1365906104.514405,2013-04-14 02:21:44,20130411004137.516,6,TCP,10.0.125.6,172.10.0.3,60003,25,0,0,10,1299,576,1901,1124,11,10,0
1365906108.3886833,2013-04-14 02:21:48,20130411004141.39,6,TCP,10.78.100.154,172.10.0.4,60039,80,0,0,0,189,5468,521,5800,6,6,0
1365906109.996714,2013-04-14 02:21:49,20130411004143.0,17,UDP,172.10.0.2,172.0.0.1,123,123,0,0,0,48,48,90,90,1,1,0
1365906110.390877,2013-04-14 02:21:50,20130411004143.39,6,TCP,10.78.100.154,172.10.0.4,60045,80,0,0,0,192,25594,956,26736,14,21,0
1365906113.609889,2013-04-14 02:21:53,20130411004146.61,17,UDP,172.10.0.40,172.255.255.255,138,138,0,0,0,214,0,256,0,1,0,0
1365906114.557891,2013-04-14 02:21:54,20130411004147.555,6,TCP,10.117.23.212,172.30.0.3,60033,25,0,0,10,1299,576,1901,1124,11,10,0
1365906115.7840767,2013-04-14 02:21:55,20130411004148.785,6,TCP,10.13.77.4,172.20.0.3,51344,25,0,0,10,1299,576,1901,1124,11,10,0
1365906116.807595,2013-04-14 02:21:56,20130411004149.81,6,TCP,10.38.37.13,172.20.0.3,51347,25,0,0,10,1299,576,1901,1124,11,10,0
1365906122.8008313,2013-04-14 02:22:02,20130411004155.8,6,TCP,10.89.101.53,172.10.0.3,51361,25,0,0,10,1299,576,1901,1124,11,10,0
1365906122.5066113,2013-04-14 02:22:02,20130411004155.504,6,TCP,10.38.37.13,172.20.0.3,60049,25,0,0,10,1299,576,1901,1124,11,10,0
1365906130.85978,2013-04-14 02:22:10,20130411004203.855,6,TCP,10.13.77.4,172.10.0.3,51378,25,0,0,10,1299,576,1901,1178,11,11,0
1365906130.337373,2013-04-14 02:22:10,20130411004203.336,6,TCP,10.77.101.2,172.30.0.3,60061,25,0,0,10,1299,577,1901,1179,11,11,0
1365906132.515095,2013-04-14 02:22:12,20130411004205.51,6,TCP,10.18.37.65,172.20.0.3,51383,25,0,0,10,1299,577,1901,1125,11,10,0
1365906133.2758267,2013-04-14 02:22:13,20130411004206.273,1,OTHER,172.10.0.6,172.20.2.1,0,0,0,0,0,0,0,74,0,1,0,0
1365906133.262034,2013-04-14 02:22:13,20130411004206.266,1,OTHER,172.10.0.6,172.20.2.2,0,0,0,0,0,0,0,74,0,1,0,0
1365906133.677657,2013-04-14 02:22:13,20130411004206.68,17,UDP,172.30.0.2,172.0.0.1,123,123,0,0,0,48,48,90,90,1,1,0
1365906144.443396,2013-04-14 02:22:24,20130411004217.44,6,TCP,10.13.77.4,172.30.0.3,60075,25,0,0,10,1299,576,1901,1124,11,10,0
1365906148.594193,2013-04-14 02:22:28,20130411004221.598,6,TCP,10.43.51.79,172.20.0.3,51403,25,0,0,10,1299,577,1901,1125,11,10,0
1365906149.2557273,2013-04-14 02:22:29,20130411004222.258,6,TCP,10.0.2.181,172.30.0.3,60083,25,0,0,10,1299,577,1901,1125,11,10,0
1365906160.2372382,2013-04-14 02:22:40,20130411004233.242,6,TCP,10.1.55.43,172.20.0.3,60099,25,0,0,10,1299,577,1901,1125,11,10,0
1365906162.556025,2013-04-14 02:22:42,20130411004235.56,6,TCP,10.83.101.25,172.30.0.3,51415,25,0,0,10,1299,577,1901,1125,11,10,0
1365906166.6006913,2013-04-14 02:22:46,20130411004239.6,6,TCP,10.27.200.49,172.30.0.3,51421,25,0,0,10,1299,577,1901,1125,11,10,0
1365906170.877506,2013-04-14 02:22:50,20130411004243.88,17,UDP,172.20.0.2,172.255.255.255,138,138,0,0,0,201,0,243,0,1,0,0
1365906174.2916367,2013-04-14 02:22:54,20130411004247.29,17,UDP,172.30.0.3,172.255.255.255,138,138,0,0,0,201,0,243,0,1,0,0
1365906174.236874,2013-04-14 02:22:54,20130411004247.242,6,TCP,10.18.37.65,172.20.0.3,60111,25,0,0,10,1299,577,1901,1125,11,10,0
1365906176.7634447,2013-04-14 02:22:56,20130411004249.76,1,OTHER,172.10.0.6,172.20.2.122,0,0,0,0,0,0,0,74,0,1,0,0
1365906176.776926,2013-04-14 02:22:56,20130411004249.777,1,OTHER,172.10.0.6,172.20.2.124,0,0,0,0,0,0,0,74,0,1,0,0
1365906177.812836,2013-04-14 02:22:57,20130411004250.81,6,TCP,10.249.28.136,172.20.0.3,51439,25,0,0,10,1299,576,1901,1124,11,10,0
1365906180.513159,2013-04-14 02:23:00,20130411004253.516,6,TCP,10.83.101.25,172.10.0.3,51445,25,0,0,10,1299,577,1901,1125,11,10,0
1365906182.3381927,2013-04-14 02:23:02,20130411004255.336,6,TCP,10.0.2.181,172.10.0.3,60122,25,0,0,10,1299,577,1901,1179,11,11,0
1365906182.2870727,2013-04-14 02:23:02,20130411004255.29,6,TCP,10.43.51.79,172.30.0.3,60124,25,0,0,10,1299,577,1901,1125,11,10,0
1365906192.165684,2013-04-14 02:23:12,20130411004305.164,17,UDP,172.20.0.2,172.0.0.1,123,123,0,0,0,48,48,90,90,1,1,0
1365906193.2859766,2013-04-14 02:23:13,20130411004306.285,6,TCP,10.58.99.97,172.30.0.3,60147,25,0,0,10,1299,577,1901,1125,11,10,0
1365906195.5845098,2013-04-14 02:23:15,20130411004308.582,6,TCP,10.18.37.65,172.30.0.3,51463,25,0,0,10,1299,577,1901,1125,11,10,0
1365906195.0783267,2013-04-14 02:23:15,20130411004308.08,17,UDP,172.10.0.2,172.255.255.255,138,138,0,0,0,201,0,243,0,1,0,0
1365906203.179023,2013-04-14 02:23:23,20130411004316.176,17,UDP,172.10.0.6,172.255.255.255,138,138,0,0,0,201,0,243,0,1,0,0
1365906205.3043413,2013-04-14 02:23:25,20130411004318.31,6,TCP,10.62.15.101,172.10.0.3,60159,25,0,0,10,1299,577,1901,1179,11,11,0
1365906206.523056,2013-04-14 02:23:26,20130411004319.523,6,TCP,10.77.24.4,172.30.0.3,51475,25,0,0,10,1299,577,1901,1125,11,10,0
1365906211.77023,2013-04-14 02:23:31,20130411004324.766,6,TCP,10.51.88.253,172.30.0.3,51484,25,0,0,10,1299,576,1901,1124,11,10,0
1365906212.327065,2013-04-14 02:23:32,20130411004325.33,6,TCP,10.77.101.2,172.20.0.3,60169,25,0,0,10,1299,577,1901,1125,11,10,0
1365906213.7397401,2013-04-14 02:23:33,20130411004326.734,6,TCP,10.51.88.167,172.30.0.3,51489,25,0,0,10,1299,576,1901,1124,11,10,0
1365906222.354922,2013-04-14 02:23:42,20130411004335.355,17,UDP,172.10.0.7,172.0.0.1,123,123,0,0,0,48,48,90,90,1,1,0
1365906224.78672,2013-04-14 02:23:44,20130411004337.785,6,TCP,10.12.237.111,172.30.0.3,51511,25,0,0,10,1299,576,1901,1124,11,10,0
1365906231.839618,2013-04-14 02:23:51,20130411004344.836,6,TCP,10.38.37.229,172.20.0.3,51521,25,0,0,10,1299,576,1901,1124,11,10,0
1365906234.637738,2013-04-14 02:23:54,20130411004347.64,6,TCP,10.45.245.101,172.30.0.5,51537,80,0,0,0,170,297,448,467,5,3,0
1365906237.251004,2013-04-14 02:23:57,20130411004350.246,6,TCP,10.62.15.101,172.30.0.3,60183,25,0,0,10,1299,577,1901,1125,11,10,0
1365906238.66919,2013-04-14 02:23:58,20130411004351.668,17,UDP,172.30.0.2,172.255.255.255,138,138,0,0,0,201,0,243,0,1,0,0
1365906241.460001,2013-04-14 02:24:01,20130411004354.46,17,UDP,172.10.0.2,172.0.0.1,123,123,0,0,0,48,48,90,90,1,1,0
1365906243.759858,2013-04-14 02:24:03,20130411004356.766,6,TCP,10.57.105.44,172.20.0.3,51535,25,0,0,10,1299,576,1901,1124,11,10,0
1365906247.075216,2013-04-14 02:24:07,20130411004400.074,17,UDP,172.10.0.40,172.255.255.255,137,137,0,0,0,100,0,184,0,2,0,0
1365906248.604924,2013-04-14 02:24:08,20130411004401.6,6,TCP,10.0.2.181,172.20.0.3,51544,25,0,0,10,1299,577,1901,1125,11,10,0
1365906251.566817,2013-04-14 02:24:11,20130411004404.57,6,TCP,10.1.55.43,172.30.0.3,51553,25,0,0,10,1299,577,1901,1125,11,10,0
1365906253.5245507,2013-04-14 02:24:13,20130411004406.523,6,TCP,10.83.101.25,172.20.0.3,51560,25,0,0,10,1299,577,1901,1125,11,10,0
1365906255.219707,2013-04-14 02:24:15,20130411004408.22,6,TCP,10.27.200.49,172.20.0.3,60195,25,0,0,10,1299,577,1901,1125,11,10,0
1365906258.27834,2013-04-14 02:24:18,20130411004411.28,6,TCP,10.62.15.101,172.20.0.3,60201,25,0,0,10,1299,577,1901,1125,11,10,0
1365906259.454334,2013-04-14 02:24:19,20130411004412.453,17,UDP,172.30.0.2,172.0.0.1,123,123,0,0,0,48,48,90,90,1,1,0
1365906264.585629,2013-04-14 02:24:24,20130411004417.586,6,TCP,10.27.200.49,172.10.0.3,51584,25,0,0,10,1299,577,1901,1125,11,10,0
1365906271.46937,2013-04-14 02:24:31,20130411004424.47,17,UDP,172.10.0.5,172.0.0.1,123,123,0,0,0,48,48,90,90,1,1,0
1365906273.771898,2013-04-14 02:24:33,20130411004426.77,6,TCP,10.88.25.4,172.10.0.3,51595,25,0,0,10,1299,576,1901,1124,11,10,0
1365906276.505974,2013-04-14 02:24:36,20130411004429.504,6,TCP,10.1.55.43,172.10.0.3,51602,25,0,0,10,1299,577,1901,1125,11,10,0
1365906278.584182,2013-04-14 02:24:38,20130411004431.586,6,TCP,10.62.15.101,172.10.0.3,51609,25,0,0,10,1299,577,1901,1125,11,10,0
1365906279.249331,2013-04-14 02:24:39,20130411004432.254,6,TCP,10.83.101.25,172.30.0.3,60219,25,0,0,10,1299,577,1901,1125,11,10,0
1365906294.552161,2013-04-14 02:24:54,20130411004447.55,6,TCP,10.77.24.4,172.10.0.3,51633,25,0,0,10,1299,577,1901,1125,11,10,0
1365906296.8659801,2013-04-14 02:24:56,20130411004449.867,6,TCP,10.117.23.212,172.30.0.3,51636,25,0,0,11,1299,576,1955,1124,12,10,0
1365906296.315342,2013-04-14 02:24:56,20130411004449.32,6,TCP,10.1.55.43,172.30.0.3,60231,25,0,0,10,1299,577,1901,1179,11,11,0
1365906299.384973,2013-04-14 02:24:59,20130411004452.38,6,TCP,10.43.51.79,172.30.0.6,51669,80,0,0,0,170,297,448,467,5,3,0
1365906301.4854221,2013-04-14 02:25:01,20130411004454.484,6,TCP,10.58.99.97,172.30.0.3,51650,25,0,0,10,1299,577,1901,1125,11,10,0
1365906303.2345233,2013-04-14 02:25:03,20130411004456.24,6,TCP,10.1.55.43,172.10.0.3,60241,25,0,0,10,1299,577,1901,1125,11,10,0
1365906308.811775,2013-04-14 02:25:08,20130411004501.81,6,TCP,10.36.156.99,172.30.0.3,51667,25,0,0,10,1299,576,1901,1124,11,10,0
1365906308.637702,2013-04-14 02:25:08,20130411004501.637,6,TCP,10.156.165.212,172.30.0.4,51692,80,0,0,0,187,2143,465,2367,5,4,0
1365906309.53673,2013-04-14 02:25:09,20130411004502.53,6,TCP,10.58.99.97,172.20.0.3,51671,25,0,0,10,1299,577,1901,1125,11,10,0
1365906309.1961539,2013-04-14 02:25:09,20130411004502.203,6,TCP,10.43.51.79,172.20.0.3,60251,25,0,0,10,1299,577,1901,1125,11,10,0
1365906310.642153,2013-04-14 02:25:10,20130411004503.64,6,TCP,10.156.165.212,172.30.0.4,51696,80,0,0,0,195,43145,1283,44989,20,34,0
1365906313.3005679,2013-04-14 02:25:13,20130411004506.3,6,TCP,10.43.51.79,172.10.0.3,60261,25,0,0,10,1299,577,1901,1125,11,10,0
1365906314.420913,2013-04-14 02:25:14,20130411004507.418,6,TCP,10.62.15.101,172.20.0.15,51702,80,0,0,0,177,7130,563,7570,7,8,0
1365906314.416444,2013-04-14 02:25:14,20130411004507.418,6,TCP,10.83.101.25,172.20.0.15,51700,80,0,0,0,187,6934,573,7374,7,8,0
1365906316.5753527,2013-04-14 02:25:16,20130411004509.566,6,TCP,10.83.101.25,172.20.0.4,51707,80,0,0,0,192,25594,956,26736,14,21,0
1365906316.474032,2013-04-14 02:25:16,20130411004509.477,6,TCP,10.62.15.101,172.20.0.15,51708,80,0,0,0,192,25596,956,26738,14,21,0
1365906318.48896,2013-04-14 02:25:18,20130411004511.484,6,TCP,10.62.15.101,172.20.0.4,51712,80,0,0,0,191,109790,2575,114226,44,82,0
1365906318.576462,2013-04-14 02:25:18,20130411004511.58,6,TCP,10.83.101.25,172.20.0.15,51715,80,0,0,0,189,9772,629,10320,8,10,0
1365906319.4216619,2013-04-14 02:25:19,20130411004512.418,6,TCP,10.33.0.15,172.10.0.3,60275,25,0,0,10,1299,576,1901,1178,11,11,0
1365906320.5067947,2013-04-14 02:25:20,20130411004513.504,6,TCP,10.62.15.101,172.20.0.4,51717,80,0,0,0,187,148291,3327,154239,58,110,0
1365906322.5143473,2013-04-14 02:25:22,20130411004515.516,6,TCP,10.62.15.101,172.20.0.15,51720,80,0,0,0,188,49560,1384,51620,22,38,0
1365906324.5260227,2013-04-14 02:25:24,20130411004517.53,6,TCP,10.62.15.101,172.20.0.4,51723,80,0,0,0,188,49559,1384,51619,22,38,0
1365906325.164921,2013-04-14 02:25:25,20130411004518.164,6,TCP,10.77.24.4,172.20.0.3,60287,25,0,0,10,1299,577,1901,1125,11,10,0
1365906326.357693,2013-04-14 02:25:26,20130411004519.36,17,UDP,172.20.0.7,172.0.0.1,123,123,0,0,0,48,48,90,90,1,1,0
1365906326.529597,2013-04-14 02:25:26,20130411004519.527,6,TCP,10.62.15.101,172.20.0.15,51726,80,0,0,0,188,49560,1384,51620,22,38,0
1365906328.5296507,2013-04-14 02:25:28,20130411004521.53,6,TCP,10.62.15.101,172.20.0.4,51730,80,0,0,0,188,49559,1384,51619,22,38,0
1365906334.925488,2013-04-14 02:25:34,20130411004527.92,17,UDP,172.10.0.3,172.255.255.255,138,138,0,0,0,201,0,243,0,1,0,0
1365906339.724653,2013-04-14 02:25:39,20130411004532.723,6,TCP,10.170.148.64,172.20.0.3,51732,25,0,0,10,1299,576,1901,1124,11,10,0
1365906342.887481,2013-04-14 02:25:42,20130411004535.887,17,UDP,172.10.0.50,172.255.255.255,137,137,0,0,0,50,0,92,0,1,0,0
1365906345.23108,2013-04-14 02:25:45,20130411004538.234,6,TCP,10.83.101.25,172.10.0.3,60303,25,0,0,10,1299,577,1901,1125,11,10,0
1365906347.8148868,2013-04-14 02:25:47,20130411004540.812,6,TCP,10.170.148.52,172.20.0.3,51742,25,0,0,10,1299,576,1901,1124,11,10,0
1365906348.4579873,2013-04-14 02:25:48,20130411004541.457,6,TCP,10.76.187.68,172.20.0.3,60309,25,0,0,10,1299,576,1901,1124,11,10,0
1365906351.4661193,2013-04-14 02:25:51,20130411004544.465,6,TCP,10.41.9.89,172.10.0.3,60317,25,0,0,10,1299,576,1901,1124,11,10,0
1365906352.7352939,2013-04-14 02:25:52,20130411004545.727,6,TCP,10.76.193.186,172.20.0.3,51752,25,0,0,10,1299,576,1901,1124,11,10,0
1365906355.512116,2013-04-14 02:25:55,20130411004548.508,6,TCP,10.13.77.4,172.10.0.3,60331,25,0,0,10,1299,576,1901,1124,11,10,0
1365906357.5943253,2013-04-14 02:25:57,20130411004550.594,6,TCP,10.62.15.101,172.30.0.3,51765,25,0,0,10,1299,577,1901,1179,11,11,0
1365906357.8125913,2013-04-14 02:25:57,20130411004550.805,6,TCP,10.88.52.24,172.10.0.3,51768,25,0,0,10,1299,576,1901,1124,11,10,0
